"Fact_ID","Category","Subcategory","Topic","Question","Answer","Keywords","Source_Type"
"F00001","Company Overview","Identity","Full Name","What is the full name of IOCL?","IOCL stands for Indian Oil Corporation Limited, an Indian state-owned oil and gas company.","IOCL, full name, Indian Oil Corporation Limited","Website"
"F00002","Company Overview","History","Formation Year","When was Indian Oil Corporation Limited founded?","Indian Oil Corporation Limited traces its roots to 30 June 1959, when Indian Oil Company Ltd. was incorporated in New Delhi by the Government of India.","founded, 1959, history, Indian Oil Company Ltd","Public Information"
"F00003","Company Overview","History","1964 Merger","How was Indian Oil Corporation Limited formed?","Indian Oil Corporation Limited was formed through the 1964 merger of Indian Oil Company Ltd. and Indian Refineries Ltd., combining national marketing with refining operations.","merger, 1964, Indian Refineries Ltd, formation, history","Public Information"
"F00004","Company Overview","History","First Chairman","Who was the first Chairman of Indian Oil Company Ltd.?","K. R. Ramamurthy served as the first Chairman of Indian Oil Company Ltd. following its incorporation in 1959.","K R Ramamurthy, first chairman, history, 1959","Public Information"
"F00005","Company Overview","Identity","Registered Office","Where is the registered office of IOCL located?","The registered office of Indian Oil Corporation Limited is located in Mumbai, Maharashtra.","registered office, Mumbai, Maharashtra, IOCL","Website"
"F00006","Company Overview","Identity","Headquarters","Where is the corporate headquarters of IOCL located?","IOCL's corporate headquarters are located in New Delhi, India, even though its registered office is in Mumbai.","headquarters, New Delhi, corporate office, IOCL","Website"
"F00007","Company Overview","Ownership","Government Ownership","Is IOCL a government-owned company?","Yes, Indian Oil Corporation Limited is a public sector undertaking owned by the Government of India and operates under the administrative control of the Ministry of Petroleum & Natural Gas.","government owned, public sector, Ministry of Petroleum and Natural Gas, PSU","Government Publication"
"F00008","Company Overview","Ownership","Promoter Holding","What is the Government of India's shareholding in IOCL?","As of recent disclosures, the Government of India (Promoter) holds roughly 51.5% of Indian Oil Corporation Limited's equity shares, with the remainder held by institutions and the public.","shareholding, promoter holding, Government of India, equity, ownership","Stock Exchange Filing"
"F00009","Company Overview","Status","Maharatna Status","What is IOCL's status among India's Public Sector Enterprises?","Indian Oil Corporation Limited is classified as a Schedule 'A' Maharatna Central Public Sector Enterprise (CPSE), the highest category granted to top-performing PSUs, under the Ministry of Petroleum & Natural Gas.","Maharatna, Schedule A, CPSE, public sector enterprise, status","Government Publication"
"F00010","Company Overview","Global Ranking","Fortune Global 500","Is Indian Oil Corporation a Fortune Global 500 company?","Yes, Indian Oil Corporation Limited is regularly listed among the Fortune Global 500 companies, reflecting its scale as one of India's largest corporations by revenue.","Fortune Global 500, ranking, largest companies, IOCL","Public Information"
"F00011","Company Overview","Business Scope","Value Chain Coverage","What parts of the hydrocarbon value chain does IOCL operate in?","IOCL's business spans the entire hydrocarbon value chain, including refining, pipeline transportation, marketing of petroleum products, exploration and production of oil, natural gas, and petrochemicals.","value chain, refining, pipelines, marketing, exploration, petrochemicals, business scope","Public Information"
"F00012","Company Overview","Market Position","Largest Refiner","Is IOCL the largest oil refining company in India?","IOCL is India's largest oil refining company by capacity and the largest government-owned oil company in terms of both refining capacity and revenue.","largest refiner, India, refining capacity, revenue, market position","Public Information"
"F00013","Company Overview","Market Position","Market Share","What share of India's petroleum products market does IOCL hold?","Indian Oil Corporation accounts for nearly half of India's petroleum products retail market share, making it the dominant player in domestic fuel marketing.","market share, petroleum products, retail, India, IOCL","Public Information"
"F00014","Company Overview","Identity","Stock Exchange Listing","On which stock exchanges is IOCL listed?","Indian Oil Corporation Limited's equity shares are listed on the Bombay Stock Exchange (BSE) and the National Stock Exchange of India (NSE) under the ticker IOC.","BSE, NSE, stock exchange, listing, ticker IOC","Stock Exchange Filing"
"F00015","Company Overview","Brands","Major Consumer Brands","What are some well-known IOCL brands?","IOCL's portfolio of consumer brands includes Indane (LPG), SERVO (lubricants), XtraPremium (petrol), XtraMile (diesel), and Propel (petrochemicals).","Indane, SERVO, XtraPremium, XtraMile, Propel, brands","Website"
"F00016","Corporate Structure","Subsidiaries","Chennai Petroleum Corporation","What is Chennai Petroleum Corporation Limited's relationship with IOCL?","Chennai Petroleum Corporation Limited (CPCL) is a listed subsidiary of Indian Oil Corporation Limited, operating refineries in Tamil Nadu.","CPCL, Chennai Petroleum Corporation, subsidiary, Tamil Nadu","Annual Report"
"F00017","Corporate Structure","Subsidiaries","Lanka IOC","What is Lanka IOC PLC?","Lanka IOC PLC is a subsidiary of Indian Oil Corporation Limited operating in Sri Lanka, marking IOCL's overseas downstream presence.","Lanka IOC, Sri Lanka, subsidiary, overseas operations","Website"
"F00018","Corporate Structure","Subsidiaries","IndianOil Mauritius","Does IOCL have a subsidiary in Mauritius?","Yes, IndianOil Mauritius Ltd. is a wholly owned subsidiary of Indian Oil Corporation Limited supporting its operations in Mauritius.","IndianOil Mauritius, subsidiary, Mauritius, overseas","Website"
"F00019","Corporate Structure","Subsidiaries","IOC Middle East FZE","What is IOC Middle East FZE?","IOC Middle East FZE is a wholly owned subsidiary of Indian Oil Corporation Limited based in the Middle East, supporting trading and business development in the region.","IOC Middle East FZE, subsidiary, Middle East, overseas operations","Website"
"F00020","Corporate Structure","Subsidiaries","Terra Clean Limited","What is Terra Clean Limited?","Terra Clean Limited is a wholly owned subsidiary of IndianOil focused on sustainable and green-energy solutions, including solar, wind, hydro, EV infrastructure, green hydrogen, and bioenergy.","Terra Clean Limited, green energy, subsidiary, renewable energy, sustainability","Website"
"F00021","Corporate Structure","Subsidiaries","IndOil Montney","What is IndOil Montney Ltd.?","IndOil Montney Ltd. is a wholly owned subsidiary of IndianOil in Canada, related to its overseas exploration and production interests.","IndOil Montney, Canada, subsidiary, exploration","Website"
"F00022","Corporate Structure","Joint Ventures","IOC Global Capital Management IFSC","What is IOC Global Capital Management IFSC Ltd.?","IOC Global Capital Management IFSC Ltd. is one of IndianOil's group companies operating within India's International Financial Services Centre framework.","IOC Global Capital Management, IFSC, group company","Website"
"F00023","Corporate Structure","Business Units","Refineries Division","What does IOCL's Refineries Division manage?","IOCL's Refineries Division manages the operation, expansion, and modernization of the company's network of crude oil refineries across India.","Refineries Division, business unit, refinery operations","Website"
"F00024","Corporate Structure","Business Units","Pipelines Division","What does IOCL's Pipelines Division manage?","IOCL's Pipelines Division manages the company's cross-country crude oil, petroleum product, and gas pipeline network used to transport hydrocarbons across India.","Pipelines Division, business unit, crude pipeline, product pipeline","Website"
"F00025","Corporate Structure","Business Units","Marketing Division","What does IOCL's Marketing Division do?","IOCL's Marketing Division is responsible for the retail and institutional sale of petroleum products including petrol, diesel, LPG, and aviation fuel, and is one of the largest petroleum marketing organizations in Asia.","Marketing Division, retail, petroleum products, business unit","Website"
"F00026","Corporate Structure","Business Units","Petrochemicals Division","What does IOCL's Petrochemicals Division do?","IOCL's Petrochemicals Division oversees production and marketing of petrochemical products such as polymers, PTA, and paraxylene from its refinery-integrated complexes.","Petrochemicals Division, polymers, PTA, business unit","Website"
"F00027","Corporate Structure","Business Units","R&D Division","What is IndianOil R&D Centre?","The IndianOil R&D Centre, located in Faridabad, Haryana, is the company's research and development arm focused on refining technology, lubricants, alternative fuels, and process innovation.","R&D Centre, Faridabad, research and development, business unit","Website"
"F00028","Corporate Structure","Divisions","Exploration and Production","Does IOCL have an exploration and production business?","Yes, IOCL's domestic E&P portfolio includes oil and gas blocks and coal bed methane blocks, while its overseas E&P portfolio includes blocks in countries such as Libya, Iran, Gabon, Nigeria, Timor-Leste, Yemen, and Venezuela.","exploration and production, E&P, coal bed methane, overseas blocks","Public Information"
"F00029","Leadership","Chairman","Current Chairman","Who is the current Chairman of Indian Oil Corporation Limited?","Shri Arvinder Singh Sahney (A. S. Sahney) is the Chairman of Indian Oil Corporation Limited, having been appointed to the role in late 2024 after heading the company's petrochemicals vertical.","Chairman, Arvinder Singh Sahney, A S Sahney, leadership","Website"
"F00030","Leadership","Chairman","Background","What was Chairman A.S. Sahney's role before becoming Chairman?","Before becoming Chairman, Arvinder Singh Sahney headed IndianOil's Petrochemical vertical and was instrumental in conceptualizing major projects including the upcoming mega Petrochemical Complex at Paradip.","A S Sahney, Petrochemicals, Paradip, background, career","Website"
"F00031","Leadership","Chairman","Selection Process","How is the Chairman of IOCL selected?","The Chairman of IOCL is selected by a search-cum-selection committee headed by the Public Enterprises Selection Board (PESB), in consultation with the Ministry of Petroleum & Natural Gas, before formal appointment by the Government of India.","PESB, selection process, Chairman appointment, government process","Public Information"
"F00032","Leadership","Directors","Director HR","Who is the Director (HR) of IOCL?","Ms. Rashmi Govil serves as Director (HR) of Indian Oil Corporation Limited, with extensive experience steering HR strategy including AI-driven HR analytics and employee upskilling.","Director HR, Rashmi Govil, human resources, leadership","Website"
"F00033","Leadership","Directors","Director Refineries","What does the Director (Refineries) oversee at IOCL?","The Director (Refineries) at IndianOil oversees the operation, expansion, and modernization of the company's refinery network across India.","Director Refineries, leadership, refinery operations","Website"
"F00034","Leadership","Board","Board Composition","Who sits on the Board of IOCL?","IOCL's Board of Directors includes Functional Directors (such as Director Refineries, Director Marketing, Director Finance, Director HR), Government Nominee Directors, and Independent Directors.","board of directors, functional directors, independent directors, nominee directors","Annual Report"
"F00035","Leadership","Board","Independent Directors","What is the role of Independent Directors on IOCL's board?","Independent Directors on IOCL's board provide independent oversight on governance, strategy, and risk management, and are appointed for fixed terms in line with PSU governance norms.","independent directors, governance, board oversight","Annual Report"
"F00036","Leadership","Governance","Government Nominee Director","What is a Government Nominee Director at IOCL?","A Government Nominee Director is a board member nominated by the Ministry of Petroleum & Natural Gas to represent the government's interest as the majority shareholder of IOCL.","Government Nominee Director, Ministry of Petroleum, governance","Government Publication"
"F00037","Refineries","Guwahati Refinery","Location","Where is the Guwahati Refinery located?","The Guwahati Refinery is located at Noonmati, Guwahati, Assam.","Guwahati Refinery, Assam, Noonmati, first public sector refinery, INDMAX, location","Website"
"F00038","Refineries","Guwahati Refinery","Capacity","What is the refining capacity of the Guwahati Refinery?","The Guwahati Refinery has a refining capacity of approximately 1.2 MMTPA (since 2023 modernization).","Guwahati Refinery, Assam, Noonmati, first public sector refinery, INDMAX, capacity, MMTPA","Website"
"F00039","Refineries","Guwahati Refinery","History","What is the history of the Guwahati Refinery?","Commissioned in 1962 with Romanian technical assistance, Guwahati Refinery was India's first public-sector refinery, built to process Upper Assam crude. It pioneered IndianOil's indigenous INDMAX fluid catalytic cracking technology, introduced in 2003 to maximize LPG yield from heavy feedstocks.","Guwahati Refinery, Assam, Noonmati, first public sector refinery, INDMAX, history, expansion","Website"
"F00040","Refineries","Digboi Refinery","Location","Where is the Digboi Refinery located?","The Digboi Refinery is located at Digboi, Assam.","Digboi Refinery, Assam, oldest refinery, heritage, Asia's first refinery, location","Website"
"F00041","Refineries","Digboi Refinery","Capacity","What is the refining capacity of the Digboi Refinery?","The Digboi Refinery has a refining capacity of approximately 0.65 MMTPA (small, heritage refinery).","Digboi Refinery, Assam, oldest refinery, heritage, Asia's first refinery, capacity, MMTPA","Website"
"F00042","Refineries","Digboi Refinery","History","What is the history of the Digboi Refinery?","Digboi Refinery, commissioned in 1901 by the Assam Oil Company, is Asia's oldest operating oil refinery and a heritage site for India's petroleum industry; it was later absorbed into IndianOil's refining network.","Digboi Refinery, Assam, oldest refinery, heritage, Asia's first refinery, history, expansion","Website"
"F00043","Refineries","Barauni Refinery","Location","Where is the Barauni Refinery located?","The Barauni Refinery is located at Barauni, Begusarai district, Bihar.","Barauni Refinery, Bihar, Begusarai, expansion, capacity, location","Website"
"F00044","Refineries","Barauni Refinery","Capacity","What is the refining capacity of the Barauni Refinery?","The Barauni Refinery has a refining capacity of approximately 6.0 MMTPA (expansion to 9 MMTPA underway).","Barauni Refinery, Bihar, Begusarai, expansion, capacity, capacity, MMTPA","Website"
"F00045","Refineries","Barauni Refinery","History","What is the history of the Barauni Refinery?","Barauni Refinery began operations with an initial 1.0 MMTPA capacity processing Assam crude, and was expanded over decades via AVU and AU revamps to its current 6.0 MMTPA capacity. An expansion to 9 MMTPA, including new petrochemical units, is currently under implementation.","Barauni Refinery, Bihar, Begusarai, expansion, capacity, history, expansion","Website"
"F00046","Refineries","Gujarat Refinery","Location","Where is the Gujarat Refinery located?","The Gujarat Refinery is located at Koyali, Vadodara district, Gujarat.","Gujarat Refinery, Koyali, Vadodara, LuPech, petrochemical complex, location","Website"
"F00047","Refineries","Gujarat Refinery","Capacity","What is the refining capacity of the Gujarat Refinery?","The Gujarat Refinery has a refining capacity of approximately 13.7 MMTPA (LuPech project targets 18.0 MMTPA).","Gujarat Refinery, Koyali, Vadodara, LuPech, petrochemical complex, capacity, MMTPA","Website"
"F00048","Refineries","Gujarat Refinery","History","What is the history of the Gujarat Refinery?","Gujarat Refinery, commissioned in 1965 near Koyali with Soviet technical assistance, was IndianOil's first major grassroots refinery and today operates as an integrated refinery-cum-petrochemical complex; its ongoing LuPech Project aims to raise capacity from 13.7 to 18.0 MMTPA.","Gujarat Refinery, Koyali, Vadodara, LuPech, petrochemical complex, history, expansion","Website"
"F00049","Refineries","Mathura Refinery","Location","Where is the Mathura Refinery located?","The Mathura Refinery is located at Mathura, Uttar Pradesh.","Mathura Refinery, Uttar Pradesh, Taj Mahal, hydrocracker, capacity, location","Website"
"F00050","Refineries","Mathura Refinery","Capacity","What is the refining capacity of the Mathura Refinery?","The Mathura Refinery has a refining capacity of approximately 8.0 MMTPA.","Mathura Refinery, Uttar Pradesh, Taj Mahal, hydrocracker, capacity, capacity, MMTPA","Website"
"F00051","Refineries","Mathura Refinery","History","What is the history of the Mathura Refinery?","Mathura Refinery was commissioned in 1982 with an initial 6.0 MMTPA capacity to serve north-western India including the National Capital Region; it was later expanded to 8.0 MMTPA following the addition of a Once-Through Hydrocracker Unit in 2000, and operates under extra environmental safeguards owing to its proximity to the Taj Mahal.","Mathura Refinery, Uttar Pradesh, Taj Mahal, hydrocracker, capacity, history, expansion","Website"
"F00052","Refineries","Haldia Refinery","Location","Where is the Haldia Refinery located?","The Haldia Refinery is located at Haldia, West Bengal.","Haldia Refinery, West Bengal, Hooghly River, eastern India, location","Website"
"F00053","Refineries","Haldia Refinery","Capacity","What is the refining capacity of the Haldia Refinery?","The Haldia Refinery has a refining capacity of approximately 8.0 MMTPA (approx.).","Haldia Refinery, West Bengal, Hooghly River, eastern India, capacity, MMTPA","Website"
"F00054","Refineries","Haldia Refinery","History","What is the history of the Haldia Refinery?","Haldia Refinery, located on the banks of the Hooghly River in West Bengal, processes both imported and domestic crude oil and supplies petroleum products across eastern India, supported by the Paradip-Haldia-Barauni crude oil pipeline system.","Haldia Refinery, West Bengal, Hooghly River, eastern India, history, expansion","Website"
"F00055","Refineries","Panipat Refinery","Location","Where is the Panipat Refinery located?","The Panipat Refinery is located at Panipat, Haryana.","Panipat Refinery, Haryana, PRAEP, PTA, Paraxylene, expansion, location","Website"
"F00056","Refineries","Panipat Refinery","Capacity","What is the refining capacity of the Panipat Refinery?","The Panipat Refinery has a refining capacity of approximately 15 MMTPA (expansion to 25 MMTPA underway).","Panipat Refinery, Haryana, PRAEP, PTA, Paraxylene, expansion, capacity, MMTPA","Website"
"F00057","Refineries","Panipat Refinery","History","What is the history of the Panipat Refinery?","Panipat Refinery and Petrochemical Complex was expanded from 12 to 15 MMTPA through the Panipat Refinery Additional Expansion Project (PRAEP), and hosts a major Purified Terephthalic Acid (PTA) and Paraxylene (PX) petrochemical complex; a further expansion to 25 MMTPA is currently under execution.","Panipat Refinery, Haryana, PRAEP, PTA, Paraxylene, expansion, history, expansion","Website"
"F00058","Refineries","Paradip Refinery","Location","Where is the Paradip Refinery located?","The Paradip Refinery is located at Paradip, Jagatsinghpur district, Odisha.","Paradip Refinery, Odisha, grassroots refinery, Petrochemical Complex, location","Website"
"F00059","Refineries","Paradip Refinery","Capacity","What is the refining capacity of the Paradip Refinery?","The Paradip Refinery has a refining capacity of approximately 15 MMTPA (approx., grassroots refinery).","Paradip Refinery, Odisha, grassroots refinery, Petrochemical Complex, capacity, MMTPA","Website"
"F00060","Refineries","Paradip Refinery","History","What is the history of the Paradip Refinery?","Paradip Refinery is one of IndianOil's modern grassroots refineries on the Odisha coast, designed to process high-sulphur, heavy crude oils, and is the planned site of a major upcoming Petrochemical Complex with an investment of around Rs. 61,077 crore.","Paradip Refinery, Odisha, grassroots refinery, Petrochemical Complex, history, expansion","Website"
"F00061","Refineries","Bongaigaon Refinery","Location","Where is the Bongaigaon Refinery located?","The Bongaigaon Refinery is located at Dhaligaon, Bongaigaon district, Assam.","Bongaigaon Refinery, Assam, BRPL, Dhaligaon, location","Website"
"F00062","Refineries","Bongaigaon Refinery","Capacity","What is the refining capacity of the Bongaigaon Refinery?","The Bongaigaon Refinery has a refining capacity of approximately 2.35 MMTPA.","Bongaigaon Refinery, Assam, BRPL, Dhaligaon, capacity, MMTPA","Website"
"F00063","Refineries","Bongaigaon Refinery","History","What is the history of the Bongaigaon Refinery?","Bongaigaon Refinery, formerly Bongaigaon Refinery & Petrochemicals Ltd. (BRPL), became a subsidiary and later merged into IndianOil; it has a relatively modest capacity of around 2.35 MMTPA and serves the lower Assam region.","Bongaigaon Refinery, Assam, BRPL, Dhaligaon, history, expansion","Website"
"F00064","Refineries","Overview","Total Group Capacity","What is the total refining capacity of the IndianOil Group?","As a group, IndianOil operates the largest refining capacity in India, with reported figures of around 70.25 MMTPA across its own refineries (approved to be enhanced to 87.9 MMTPA), rising to roughly 80+ MMTPA when group subsidiary CPCL's refineries are included.","total refining capacity, IndianOil Group, MMTPA, CPCL","Website"
"F00065","Refineries","Overview","Number of Refineries","How many refineries does IndianOil operate?","IndianOil directly operates nine refineries across India, and together with its subsidiary Chennai Petroleum Corporation Limited (CPCL), the IndianOil Group operates eleven refineries in total.","number of refineries, nine refineries, CPCL, IndianOil Group","Website"
"F00066","Refineries","Technology","Refining Technologies Used","What refining technologies does IndianOil use?","IndianOil's refineries employ a wide basket of technologies including atmospheric and vacuum distillation, fluid catalytic cracking (FCC/RFCC), hydrocracking, catalytic reforming, hydrogen generation, delayed coking, lube processing, visbreaking, and sulphur recovery.","refining technologies, FCC, hydrocracking, catalytic reforming, delayed coking","Website"
"F00067","Refineries","Technology","INDMAX Technology","What is INDMAX technology?","INDMAX is an indigenous fluid catalytic cracking technology developed by IndianOil's own R&D Centre, designed to maximize LPG and light olefin yield from heavy residual feedstocks.","INDMAX, fluid catalytic cracking, R&D Centre, LPG yield","Website"
"F00068","Pipelines","Network","Total Pipeline Length","How long is IndianOil's cross-country pipeline network?","IndianOil's cross-country pipeline network for crude oil, petroleum products, and gas spans more than 17,000 kilometres, making it one of the largest pipeline networks among Indian oil companies.","pipeline length, cross-country, kilometres, network","Website"
"F00069","Pipelines","Crude Pipelines","Salaya-Mathura-Panipat Pipeline","What is the Salaya-Mathura-Panipat crude oil pipeline?","The Salaya-Mathura-Panipat crude pipeline system is about 2,663 km long with an installed capacity of around 25 MMTPA, carrying crude oil from Salaya near Vadinar in Gujarat to IndianOil's refineries at Koyali, Mathura, and Panipat.","Salaya, Mathura, Panipat, crude pipeline, Vadinar, Gujarat","Website"
"F00070","Pipelines","Crude Pipelines","Paradip-Haldia-Barauni Pipeline","What is the Paradip-Haldia-Barauni crude oil pipeline?","The Paradip-Haldia-Barauni crude pipeline (PHBPL) is approximately 1,465 km long with an installed capacity of around 20.4 MMTPA, transporting crude oil from Paradip in Odisha to refineries at Haldia and Barauni.","Paradip, Haldia, Barauni, crude pipeline, PHBPL, Odisha","Website"
"F00071","Pipelines","Crude Pipelines","Mundra-Panipat Pipeline","What is the Mundra-Panipat crude oil pipeline?","The Mundra-Panipat Pipeline (MPPL) is roughly 1,194 km long with an installed capacity of about 8.4 MMTPA, carrying crude oil from Mundra on the Gujarat coast to IndianOil's Panipat refinery.","Mundra-Panipat Pipeline, MPPL, crude pipeline, Gujarat, Panipat","Website"
"F00072","Pipelines","Infrastructure","Single Point Mooring (SPM)","What are Single Point Mooring systems used for at IndianOil?","IndianOil operates Single Point Mooring (SPM) systems at coastal locations such as Vadinar and Paradip to unload crude oil from very large crude carriers (VLCCs) offshore, feeding it into the cross-country crude pipeline network.","Single Point Mooring, SPM, VLCC, crude oil unloading, Vadinar, Paradip","Website"
"F00073","Pipelines","Product Pipelines","Barauni-Kanpur Product Pipeline","What is the Barauni-Kanpur Product Pipeline?","The Barauni-Kanpur Product Pipeline (BKPL) transports refined petroleum products such as motor spirit and high-speed diesel from Barauni Refinery to consumption centres, with onward links including a transnational connection to Nepal via the Patna-Motihari-Amlekhganj line.","Barauni-Kanpur Product Pipeline, BKPL, Nepal pipeline, product transport","Website"
"F00074","Pipelines","Product Pipelines","Panipat Product Pipelines","What product pipelines originate from Panipat Refinery?","Panipat Refinery feeds multiple product pipelines, including the Panipat-Bhatinda Pipeline (PBPL), Panipat-Rewari Pipeline (PRPL), Panipat-Delhi Pipeline (PDPL), and Panipat-Ambala-Jalandhar Pipeline (PAJPL), distributing fuels across north India.","Panipat pipelines, PBPL, PRPL, PDPL, PAJPL, north India","Website"
"F00075","Pipelines","Cross-Border","Nepal Transnational Pipeline","Does IndianOil operate any cross-border pipelines?","Yes, IndianOil operates and is expanding transnational petroleum product pipelines to Nepal, such as the Patna-Motihari-Amlekhganj line, and evaluates similar cross-border pipeline proposals with other neighbouring countries.","Nepal pipeline, transnational, cross-border, Motihari, Amlekhganj","Website"
"F00076","Pipelines","Gas Pipelines","Natural Gas Pipeline Network","Does IndianOil operate natural gas pipelines?","IndianOil operates and participates in natural gas pipeline infrastructure as part of its Natural Gas business vertical, supporting City Gas Distribution (CGD) networks and gas supply to industrial and retail customers.","natural gas pipeline, City Gas Distribution, CGD, gas supply","Website"
"F00077","Pipelines","Safety","Pipeline Safety Programs","What safety measures does IndianOil follow for its pipelines?","IndianOil maintains dedicated pipeline safety programs covering right-of-way monitoring, leak detection systems, pipeline crossing permissions, and a public Pipeline Crossing Permission Portal to manage third-party activities near pipeline corridors.","pipeline safety, leak detection, right of way, crossing permission portal","Website"
"F00078","Marketing Operations","Retail","Fuel Stations Count","How many fuel stations does IndianOil operate?","IndianOil operates over 37,500 fuel stations (retail outlets) across India, among the largest retail fuel networks in the country.","fuel stations, retail outlets, petrol pumps, network size","Website"
"F00079","Marketing Operations","Retail","Customer Touch-points","How many customer touch-points does IndianOil have nationwide?","IndianOil reaches customers through a network of over 61,000 customer touch-points nationwide, including fuel stations, LPG distributorships, and other outlets.","customer touch-points, network, distribution, IndianOil","Website"
"F00080","Marketing Operations","LPG","Indane LPG Customers","How many LPG customers does Indane serve?","Indane, IndianOil's LPG brand, serves more than 150 million customers, making it one of the largest LPG brands in the world.","Indane, LPG customers, 150 million, brand","Website"
"F00081","Marketing Operations","Aviation Fuel","Aviation Turbine Fuel Business","Does IndianOil supply aviation fuel?","Yes, IndianOil supplies Aviation Turbine Fuel (ATF) to domestic and international airlines through its aviation fuel stations at airports across India.","aviation fuel, ATF, airports, airlines","Website"
"F00082","Marketing Operations","Lubricants","SERVO Lubricants","What is SERVO?","SERVO is IndianOil's flagship lubricants brand, offering a wide range of automotive, industrial, and specialty lubricants manufactured and marketed by the company.","SERVO, lubricants, brand, automotive lubricants","Website"
"F00083","Marketing Operations","Retail Innovation","XtraPremium and XtraMile","What are XtraPremium and XtraMile?","XtraPremium and XtraMile are IndianOil's premium petrol and diesel fuel brands respectively, formulated with additives intended to improve engine performance and fuel efficiency.","XtraPremium, XtraMile, premium fuel, branded fuel","Website"
"F00084","Marketing Operations","Electric Mobility","EV Charging Stations","Has IndianOil ventured into EV charging infrastructure?","Yes, IndianOil launched one of India's first EV charging stations at a fuel station in Nagpur in November 2017 in collaboration with Ola, and has since been expanding EV charging and battery-swapping infrastructure at its retail outlets.","EV charging, Nagpur, electric mobility, Ola, retail outlets","Public Information"
"F00085","Marketing Operations","Marine Fuel","Marine Fuel Supply","Does IndianOil supply marine fuel?","IndianOil supplies marine bunker fuel to shipping customers at Indian ports as part of its broader fuels marketing portfolio.","marine fuel, bunker fuel, shipping, ports","Public Information"
"F00086","Products","Fuel/Product","Petrol (Motor Spirit)","What is Petrol (Motor Spirit)?","Petrol, also called Motor Spirit (MS), is a refined hydrocarbon fuel used in spark-ignition engines; IndianOil markets it under standard and premium grades such as XtraPremium.","Petrol (Motor Spirit), product, IndianOil","Website"
"F00087","Products","Fuel/Product","Diesel (High-Speed Diesel)","What is Diesel (High-Speed Diesel)?","High-Speed Diesel (HSD) is IndianOil's primary diesel fuel for compression-ignition engines, marketed in standard and premium (XtraMile) grades.","Diesel (High-Speed Diesel), product, IndianOil","Website"
"F00088","Products","Fuel/Product","LPG (Liquefied Petroleum Gas)","What is LPG (Liquefied Petroleum Gas)?","LPG is a mix of propane and butane sold by IndianOil under the Indane brand for domestic cooking and as auto-LPG for vehicles.","LPG (Liquefied Petroleum Gas), product, IndianOil","Website"
"F00089","Products","Fuel/Product","CNG (Compressed Natural Gas)","What is CNG (Compressed Natural Gas)?","CNG is a cleaner-burning alternative transport fuel that IndianOil markets through City Gas Distribution networks and retail outlets.","CNG (Compressed Natural Gas), product, IndianOil","Website"
"F00090","Products","Fuel/Product","LNG (Liquefied Natural Gas)","What is LNG (Liquefied Natural Gas)?","LNG is natural gas cooled to a liquid state for ease of storage and transport; IndianOil handles LNG through terminals such as the Ennore LNG Terminal.","LNG (Liquefied Natural Gas), product, IndianOil","Website"
"F00091","Products","Fuel/Product","Aviation Turbine Fuel (ATF)","What is Aviation Turbine Fuel (ATF)?","ATF is a specialized kerosene-based fuel supplied by IndianOil to airlines for jet engines, produced to strict international specifications.","Aviation Turbine Fuel (ATF), product, IndianOil","Website"
"F00092","Products","Fuel/Product","Bitumen","What is Bitumen?","Bitumen is a heavy hydrocarbon residue produced at IndianOil refineries, used primarily in road construction and waterproofing applications.","Bitumen, product, IndianOil","Website"
"F00093","Products","Fuel/Product","Lubricants (SERVO)","What is Lubricants (SERVO)?","IndianOil produces a wide range of lubricants under the SERVO brand for automotive, industrial, and marine applications.","Lubricants (SERVO), product, IndianOil","Website"
"F00094","Products","Fuel/Product","Petrochemicals","What is Petrochemicals?","IndianOil produces petrochemical products including polymers (PP, HDPE, LLDPE), PTA, paraxylene, and other intermediates from its refinery-integrated petrochemical complexes.","Petrochemicals, product, IndianOil","Website"
"F00095","Products","Fuel/Product","Superior Kerosene Oil (SKO)","What is Superior Kerosene Oil (SKO)?","SKO is a refined kerosene product historically used for household lighting and cooking, still produced by some IndianOil refineries.","Superior Kerosene Oil (SKO), product, IndianOil","Website"
"F00096","Products","Fuel/Product","Furnace Oil","What is Furnace Oil?","Furnace Oil (FO) is a heavy fuel oil used in industrial boilers and furnaces, produced as a refinery output.","Furnace Oil, product, IndianOil","Website"
"F00097","Products","Fuel/Product","Petroleum Coke","What is Petroleum Coke?","Petroleum coke (petcoke) is a carbon-rich solid by-product of the refining process, used as a fuel and in industrial applications.","Petroleum Coke, product, IndianOil","Website"
"F00098","Products","Fuel/Product","Sulphur","What is Sulphur?","Elemental sulphur is recovered from refinery process streams via Sulphur Recovery Units to meet environmental regulations and is sold as a by-product.","Sulphur, product, IndianOil","Website"
"F00099","Petrochemicals","Manufacturing Units","Panipat PTA-PX Complex","What petrochemical complex is located at Panipat Refinery?","Panipat Refinery hosts a major Purified Terephthalic Acid (PTA) and Paraxylene (PX) production complex, with the PTA unit commissioned in 2006, designed to produce around 360 TMT of paraxylene and 553 TMT of PTA annually using naphtha from Mathura and Panipat refineries.","Panipat petrochemical complex, PTA, Paraxylene, PX","Website"
"F00100","Petrochemicals","Manufacturing Units","Gujarat Refinery LAB Unit","What petrochemical unit did Gujarat Refinery commission in 2004?","In 2004, Gujarat Refinery commissioned Asia's largest single-train Linear Alkyl Benzene (LAB) unit with a capacity of 120 KTPA, marking IndianOil's significant entry into petrochemicals.","Linear Alkyl Benzene, LAB unit, Gujarat Refinery, petrochemicals","Website"
"F00101","Petrochemicals","Manufacturing Units","Paradip Petrochemical Complex","What major petrochemical project is planned at Paradip?","IndianOil is developing a major Petrochemical Complex at Paradip with a planned investment of around Rs. 61,077 crore, intended to significantly expand the company's petrochemical footprint.","Paradip Petrochemical Complex, investment, mega project","Website"
"F00102","Petrochemicals","Production","Total Petrochemical Capacity","What is IndianOil's petrochemical production capacity?","IndianOil is one of India's leading petrochemical producers, with a reported petrochemical production capacity of nearly 3,200 KTA (kilo-tonnes per annum) across its various units.","petrochemical capacity, KTA, production","Website"
"F00103","Petrochemicals","Applications","Polymer Products","What polymer products does IndianOil manufacture?","IndianOil's petrochemical complexes manufacture polymers such as Polypropylene (PP), High-Density Polyethylene (HDPE), and Linear Low-Density Polyethylene (LLDPE), used widely in packaging, textiles, and industrial applications.","Polypropylene, HDPE, LLDPE, polymers, applications","Website"
"F00104","Petrochemicals","Manufacturing Units","Dumad Oxo Alcohol Project","What is the Oxo Alcohol Project at Dumad?","The Oxo Alcohol Project at Dumad, dedicated to the nation in September 2025, comprises a SynGas Unit, N-Butyl Alcohol Unit, Acrylic Acid Unit, and Butyl Acrylate Unit with a production capacity of 150 KTPA of Butyl Acrylate, reducing India's import dependency on this chemical.","Oxo Alcohol Project, Dumad, Butyl Acrylate, Gujarat Refinery","Website"
"F00105","Natural Gas Business","Overview","Natural Gas Vertical","What does IndianOil's Natural Gas business cover?","IndianOil's Natural Gas business covers procurement, transportation, and marketing of natural gas, including City Gas Distribution (CGD) networks that supply piped natural gas (PNG) to homes and CNG to vehicles.","Natural Gas business, City Gas Distribution, PNG, CNG","Website"
"F00106","Natural Gas Business","LNG","Ennore LNG Terminal","What is the Ennore LNG Terminal expansion plan?","IndianOil plans to expand the capacity of the Ennore LNG Terminal from 5 MMTPA to 10 MMTPA to meet growing demand for liquefied natural gas as part of India's shift toward a gas-based economy.","Ennore LNG Terminal, capacity expansion, LNG","Website"
"F00107","Natural Gas Business","Compressed Biogas","SATAT Initiative","What is the SATAT initiative and IndianOil's role in it?","SATAT (Sustainable Alternative Towards Affordable Transportation) is a Government of India initiative to promote Compressed Biogas (CBG), and IndianOil is expanding CBG plants under this initiative, including a partnership with Torrent Gas to retail CBG-blended CNG.","SATAT, Compressed Biogas, CBG, Torrent Gas, partnership","Public Information"
"F00108","Green Energy Initiatives","Hydrogen","Green Hydrogen Project at Panipat","What green hydrogen project is IndianOil setting up at Panipat?","IndianOil is setting up a 10 KTPA Green Hydrogen project at Panipat to begin replacing grey hydrogen used in refining processes with green hydrogen produced from renewable energy.","Green Hydrogen, Panipat, 10 KTPA, grey hydrogen replacement","Website"
"F00109","Green Energy Initiatives","Hydrogen","National Green Hydrogen Mission Target","What is IndianOil's target under the National Green Hydrogen Mission?","Under Tranche 1 of India's National Green Hydrogen Mission, IndianOil has been assigned a target of 80 ktpa of green hydrogen capacity out of an overall refiner target of 200 ktpa.","National Green Hydrogen Mission, NGHM, 80 ktpa target","Website"
"F00110","Green Energy Initiatives","Biofuels","Ethanol Blending Program","What is IndianOil's role in ethanol blending?","IndianOil markets Ethanol Blended Motor Spirit (EBMS) and has been a key participant in India's ethanol blending program, which had reached around 18% ethanol blending in petrol with a target of 20% blending.","ethanol blending, EBMS, E20, biofuels program","Website"
"F00111","Green Energy Initiatives","Biofuels","Sustainable Aviation Fuel","Is IndianOil involved in Sustainable Aviation Fuel production?","IndianOil is planning co-processing of non-edible oils in refineries to produce Sustainable Aviation Fuel (SAF) and is evaluating establishment of a dedicated SAF plant based on the Alcohol-to-Jet route.","Sustainable Aviation Fuel, SAF, Alcohol to Jet, non-edible oils","Website"
"F00112","Green Energy Initiatives","Solar and Wind","Renewable Energy Target","What is IndianOil's renewable energy capacity target?","IndianOil has set a target to reach a 31 GW renewable energy portfolio by 2030, to be achieved through both organic development and inorganic (acquisition-based) growth, led by its subsidiary Terra Clean Limited.","31 GW, renewable energy target, 2030, Terra Clean Limited","Website"
"F00113","Green Energy Initiatives","Electric Mobility","Battery Swapping and EV Infrastructure","What electric mobility initiatives is IndianOil pursuing?","IndianOil is expanding EV charging infrastructure, exploring battery swapping services, and evaluating battery cell manufacturing to maintain its position in the evolving mobility and energy transition landscape.","battery swapping, EV infrastructure, cell manufacturing, electric mobility","Website"
"F00114","Green Energy Initiatives","Net Zero","Net Zero Commitment","What is IndianOil's net-zero commitment?","IndianOil has committed to achieving net-zero Scope 1 and Scope 2 greenhouse gas emissions by 2046, supported by scaling up renewable energy, green hydrogen, biofuels, and energy efficiency measures.","net zero, 2046, Scope 1, Scope 2, emissions target","Website"
"F00115","Sustainability","ESG","ESG Reporting","Does IndianOil report on ESG performance?","IndianOil publishes sustainability and ESG-related disclosures, often integrated within its Annual Reports and dedicated Sustainability Reports, covering environmental, social, and governance performance.","ESG, sustainability report, disclosures, governance","Sustainability Report"
"F00116","Sustainability","Environment","Clean Development Mechanism Projects","Has IndianOil undertaken Clean Development Mechanism projects?","Yes, IndianOil has initiated several Clean Development Mechanism (CDM) projects at its refineries as part of efforts to reduce greenhouse gas emissions and comply with environmental statutes.","Clean Development Mechanism, CDM, emissions reduction, refineries","Website"
"F00117","Sustainability","Water","Minimizing Water Footprint","What is IndianOil doing to reduce its water footprint?","IndianOil has initiatives focused on minimizing its water footprint across operations, including water recycling and conservation measures at its refineries and installations.","water footprint, water conservation, recycling, sustainability","Website"
"F00118","Research and Development","R&D Centers","IndianOil R&D Centre Location","Where is the IndianOil R&D Centre located?","The IndianOil R&D Centre is located in Faridabad, Haryana, and serves as the company's primary hub for research in refining processes, lubricants, alternative fuels, and materials.","R&D Centre, Faridabad, Haryana, research hub","Website"
"F00119","Research and Development","Technologies","INDMAX Development","What technology did IndianOil's R&D Centre develop for refineries?","IndianOil's R&D Centre developed INDMAX, an indigenous fluid catalytic cracking process technology that has been deployed at several IndianOil refineries to maximize LPG and gasoline yields from heavy feedstocks.","INDMAX, R&D Centre, indigenous technology, FCC","Website"
"F00120","Research and Development","Lubricants R&D","SERVO Lubricant Formulations","Does IndianOil's R&D Centre develop lubricant formulations?","Yes, the IndianOil R&D Centre develops and tests lubricant formulations for the SERVO brand, covering automotive, industrial, and specialty lubricant categories.","lubricant R&D, SERVO formulations, R&D Centre","Website"
"F00121","Digital Transformation","AI","AI in HR Analytics","How is IndianOil using AI in human resources?","IndianOil's HR function has been leveraging AI and HR analytics to support workforce planning, employee upskilling, and transformation of people-management practices under Director (HR) Rashmi Govil.","AI in HR, HR analytics, workforce planning, digital HR","Website"
"F00122","Digital Transformation","Industry 4.0","AI-Enabled CCTV in Refineries","How does IndianOil use AI for refinery safety monitoring?","IndianOil refineries have deployed AI-enabled CCTV cameras and smart helmets to enhance monitoring of critical jobs and improve workplace safety in operational areas.","AI-enabled CCTV, smart helmet, refinery safety, Industry 4.0","Website"
"F00123","Digital Transformation","Customer Digital Platforms","Digital Customer Platforms","What digital platforms does IndianOil offer customers?","IndianOil offers digital customer platforms and mobile applications for services such as LPG booking, fuel station locators, and loyalty program management, aimed at protecting and growing its retail customer base.","digital customer platforms, mobile apps, LPG booking, loyalty programs","Website"
"F00124","Safety","HSE Practices","Inherently Fire Retardant Suits","What protective equipment is mandatory in IndianOil refinery battery areas?","IndianOil mandates the use of Inherently Fire Retardant (IFR) suits for personnel working in battery areas of its refineries to reduce fire-related injury risk.","Inherently Fire Retardant suits, IFR, refinery safety, PPE","Website"
"F00125","Safety","Mobile Training","SURAKSHA RATH","What is SURAKSHA RATH?","SURAKSHA RATH is IndianOil's mobile safety training van deployed to conduct on-site safety training and awareness programs for employees and contractors.","SURAKSHA RATH, mobile safety training, van, safety awareness","Website"
"F00126","Safety","Monitoring","Portable CCTV for Critical Jobs","How does IndianOil monitor high-risk refinery jobs?","IndianOil uses portable CCTV cameras to monitor critical and high-risk jobs in real time at its refineries, supplementing fixed AI-enabled camera systems.","portable CCTV, critical job monitoring, refinery safety","Website"
"F00127","Safety","Standards","Statutory Environmental Compliance","Do IndianOil refineries comply with statutory environmental and safety requirements?","Yes, all IndianOil refineries are required to fully comply with statutory environmental and safety requirements set by Indian regulatory authorities.","statutory compliance, environmental regulations, refinery safety","Website"
"F00128","Human Resources","Workforce","Employee Strength","How many employees does IndianOil have?","As of 31 March 2024, IndianOil's regular employee strength stood at 30,321, comprising 18,570 executives and 11,751 non-executives.","employee strength, 30321, executives, non-executives, workforce","Annual Report"
"F00129","Human Resources","Attrition","Attrition Rate","What is IndianOil's employee attrition rate?","IndianOil's employee attrition rate has historically been low, around 1.5%, reflecting strong job stability typical of large public sector undertakings.","attrition rate, employee retention, 1.5%, PSU","Public Information"
"F00130","Human Resources","Employee Benefits","Employee Benefits Spending","How much does IndianOil spend on employee benefits?","IndianOil spent approximately ₹96.57 billion on employee benefits during FY2016-17, reflecting the scale of its workforce-related compensation and welfare programs.","employee benefits, compensation, FY2016-17, expenditure","Annual Report"
"F00131","Human Resources","Leadership Approach","People-Centric Culture","How does IndianOil describe its approach to people management?","IndianOil's leadership has emphasized a people-centric culture, with senior executives championing innovation, digital transformation, and employee-first HR practices as drivers of organizational growth.","people-centric culture, leadership approach, HR philosophy","Website"
"F00132","Apprenticeship Programs","Overview","Apprenticeship Training","Does IndianOil offer apprenticeship programs?","IndianOil offers structured apprenticeship training programs at its refineries, pipeline installations, and marketing locations, providing hands-on technical and trade training to apprentices under applicable Indian apprenticeship regulations.","apprenticeship, training program, technical trades, refinery training","Website"
"F00133","Internship Programs","Overview","Internship Opportunities","Does IndianOil offer internships for students?","IndianOil offers internship opportunities for engineering, management, and other students at its refineries, R&D Centre, and corporate offices, providing exposure to real-world oil and gas industry operations.","internship, students, engineering interns, IndianOil","Website"
"F00134","CSR Activities","Education","Education Initiatives","What kind of education-related CSR activities does IndianOil undertake?","IndianOil undertakes CSR initiatives supporting education, including scholarships, school infrastructure support, and skill-development programs in communities near its operational areas.","CSR, education, scholarships, skill development","CSR Report"
"F00135","CSR Activities","Healthcare","Healthcare Initiatives","What healthcare-related CSR work does IndianOil do?","IndianOil's CSR activities in healthcare include support for medical camps, healthcare infrastructure, and health awareness programs in communities surrounding its refineries and installations.","CSR, healthcare, medical camps, community health","CSR Report"
"F00136","CSR Activities","Rural Development","Rural Development Programs","Does IndianOil invest in rural development?","IndianOil's CSR programs include rural development initiatives such as infrastructure support, livelihood generation, and community welfare projects in villages near its operational sites.","CSR, rural development, livelihood, community welfare","CSR Report"
"F00137","CSR Activities","Environment","Environmental CSR Initiatives","What environmental CSR initiatives does IndianOil run?","IndianOil's environmental CSR initiatives include tree plantation drives, water conservation projects, and support for renewable energy adoption in surrounding communities.","CSR, environment, tree plantation, water conservation","CSR Report"
"F00138","Awards and Recognition","Global Ranking","Fortune Global 500 Recognition","Has IndianOil been recognized in global corporate rankings?","IndianOil has consistently featured in the Fortune Global 500 list of the world's largest companies by revenue, reflecting its scale within the global energy sector.","Fortune Global 500, recognition, global ranking","Public Information"
"F00139","Awards and Recognition","Profitability Recognition","Most Profitable PSU","Has IndianOil been recognized as India's most profitable PSU?","In May 2018, IndianOil became India's most profitable government corporation for the second consecutive year, posting a record profit of approximately ₹21,346 crore for FY2017-18.","most profitable PSU, record profit, FY2017-18, recognition","Public Information"
"F00140","Financial Information","Revenue","Recent Annual Revenue","What is IndianOil's approximate annual revenue?","Indian Oil Corporation Limited reported revenue of approximately ₹7,84,415 crore on a consolidated basis in its most recent full-year results, making it one of India's largest companies by revenue.","revenue, annual revenue, financial performance, crore","Stock Exchange Filing"
"F00141","Financial Information","Profit","Recent Net Profit","What is IndianOil's approximate net profit?","Indian Oil Corporation Limited reported a net profit of approximately ₹43,677 crore in its most recent full-year financial results.","net profit, financial performance, crore, IndianOil","Stock Exchange Filing"
"F00142","Financial Information","Market Capitalization","Approximate Market Capitalization","What is IndianOil's approximate market capitalization?","Indian Oil Corporation Limited's market capitalization is approximately ₹2,03,854 crore based on recent stock market data.","market capitalization, IOC stock, market cap","Stock Exchange Filing"
"F00143","Financial Information","Shareholding","Promoter Shareholding Percentage","What percentage of IOCL is held by the Government of India as promoter?","The Government of India, as promoter, holds approximately 51.5% of Indian Oil Corporation Limited's equity shares according to recent shareholding disclosures.","promoter shareholding, Government of India, 51.5%, equity","Stock Exchange Filing"
"F00144","Financial Information","Historical Profit","FY2017-18 Record Profit","What record profit did IndianOil post in FY2017-18?","IndianOil posted a record profit of approximately ₹21,346 crore in FY2017-18, making it India's most profitable government corporation for the second consecutive year at that time.","FY2017-18, record profit, historical financial performance","Public Information"
"F00145","Financial Information","Investments","Quoted Investments Value (Historical)","What was the value of IndianOil's quoted investments around FY2000-01?","As of 31 March 2001, the aggregate market value of IndianOil's quoted investments in ONGC, GAIL, CPCL, and BRPL was reported at approximately ₹2,354 crore, against a cost price of ₹3,128 crore.","quoted investments, ONGC, GAIL, CPCL, BRPL, historical financials","Annual Report"
"F00146","Annual Reports","Publication","Latest Integrated Annual Report","Does IndianOil publish an Integrated Annual Report?","Yes, IndianOil publishes an Integrated Annual Report each year; the most recent available edition referenced on its website is the Integrated Annual Report 2024-25.","Integrated Annual Report, 2024-25, annual reporting","Annual Report"
"F00147","Annual Reports","Availability","Annual Report Archive","Can previous IndianOil Annual Reports be accessed?","IndianOil maintains an archive of past Annual Reports on its corporate website, including reports dating back to early years such as 2000-01, available for public reference.","annual report archive, historical reports, public disclosure","Annual Report"
"F00148","Government Ownership","Administrative Control","Ministry of Petroleum and Natural Gas","Which ministry administers IndianOil?","Indian Oil Corporation Limited operates under the administrative control of the Ministry of Petroleum & Natural Gas, Government of India.","Ministry of Petroleum and Natural Gas, administrative control, government ministry","Government Publication"
"F00149","Public Sector Undertaking Status","Classification","Maharatna PSU Classification","What category of Public Sector Undertaking is IndianOil?","IndianOil is classified as a Maharatna Central Public Sector Enterprise (CPSE), the top tier of India's PSU classification system reserved for the highest-performing state-owned companies.","Maharatna, CPSE, PSU classification, public sector status","Government Publication"
"F00150","Stock Market Information","Ticker","NSE/BSE Ticker Symbol","What is IndianOil's stock ticker symbol?","Indian Oil Corporation Limited trades under the ticker symbol IOC on both the National Stock Exchange (NSE) and the Bombay Stock Exchange (BSE).","IOC ticker, NSE, BSE, stock symbol","Stock Exchange Filing"
"F00151","Stock Market Information","Index History","Removal from Nifty 50","Is IndianOil still part of the Nifty 50 index?","No, in March 2022 Apollo Hospitals replaced Indian Oil Corporation Limited in the Nifty 50 benchmark index.","Nifty 50, index removal, Apollo Hospitals, March 2022","Public Information"
"F00152","Stock Market Information","Governance Score","ISS Governance QualityScore","What is IndianOil's governance score from ISS?","Institutional Shareholder Services (ISS) rates Indian Oil Corporation's Governance QualityScore at 10 as of mid-2026, with sub-scores including Audit at 9, Board at 10, Shareholder Rights at 4, and Compensation at 2; on this scale a higher decile indicates relatively higher governance risk.","ISS Governance QualityScore, governance rating, audit score","Public Information"
"F00153","Major Projects","Refinery Expansion","Panipat Refinery Expansion to 25 MMTPA","What major refinery expansion is IndianOil executing at Panipat?","IndianOil is executing an expansion of Panipat Refinery's capacity to 25 MMTPA, alongside upcoming petrochemical units including PP-3, PBR, MAH, Styrene, NCU Phase-2, HDPE-2, Sustainable Aviation Fuel facilities, and Green Hydrogen production.","Panipat expansion, 25 MMTPA, petrochemical units, upcoming projects","Website"
"F00154","Major Projects","Pipeline Expansion","New Pipeline Network Expansion","What pipeline expansion projects is IndianOil executing?","IndianOil is executing projects to expand its pipeline network by over 2,000 km, including the New Mundra-Panipat Crude Oil Pipeline and augmentation of the Salaya-Mathura crude oil pipeline system.","pipeline expansion, New Mundra-Panipat Pipeline, Salaya-Mathura augmentation","Website"
"F00155","Future Expansion Plans","Refining Capacity","Approved Refining Capacity Enhancement","What refining capacity enhancement has IndianOil been approved for?","IndianOil has received approval to enhance its refining capacity from 70.25 MMTPA to 87.9 MMTPA across its refinery network.","refining capacity enhancement, 87.9 MMTPA, approved expansion","Website"
"F00156","Future Expansion Plans","Storage and Distribution","Greenfield and Brownfield Terminals","What is IndianOil doing to expand its storage infrastructure?","IndianOil is expanding its marketing network through modernization and development of retail outlets, along with establishing new greenfield and brownfield storage terminals and depots across the country.","greenfield terminals, brownfield terminals, storage expansion, depots","Website"
"F00157","Technology Collaborations","Refining Technology","International Technology Licensors","Has IndianOil collaborated with international technology licensors?","Yes, IndianOil refineries have historically used licensed technologies from international firms such as UOP and IFP (France) for units like catalytic reforming, alongside indigenous technologies developed in-house such as INDMAX.","technology licensors, UOP, IFP France, catalytic reforming","Website"
"F00158","Technology Collaborations","Strategic Partnerships","Torrent Gas Partnership for CBG","What partnership did IndianOil form with Torrent Gas?","IndianOil partnered with Torrent Gas to promote distribution of Compressed Biogas (CBG)-blended CNG across India, under the government's SATAT initiative, leveraging IndianOil's supply chain and retail infrastructure.","Torrent Gas, CBG-blended CNG, partnership, SATAT","Public Information"
"F00159","International Operations","Overseas Presence","Overseas Subsidiaries","In which countries does IndianOil have overseas subsidiaries?","IndianOil has overseas subsidiaries and offices in Sri Lanka (Lanka IOC PLC), Mauritius (IndianOil Mauritius Ltd.), the Middle East (IOC Middle East FZE), Singapore (IOCL Singapore Pte. Ltd.), and Canada (IndOil Montney Ltd.).","overseas subsidiaries, Sri Lanka, Mauritius, Middle East, Singapore, Canada","Public Information"
"F00160","International Operations","Overseas E&P","Overseas Exploration Blocks","In which countries does IndianOil hold overseas exploration blocks?","IndianOil's overseas exploration and production portfolio includes blocks in countries such as Libya, Iran, Gabon, Nigeria, Timor-Leste, Yemen, and Venezuela.","overseas E&P, Libya, Iran, Gabon, Nigeria, Timor-Leste, Yemen, Venezuela","Public Information"
"F00161","Import and Export Operations","Crude Sourcing","Crude Oil Import Partners","Who are some of IndianOil's major crude oil supply partners?","IndianOil's largest crude oil business partners have included Saudi Aramco, QatarEnergy, and Delek, with additional supply deals signed with companies such as Rosneft, ADNOC, and National Iranian Oil Company.","crude oil import, Saudi Aramco, QatarEnergy, Rosneft, ADNOC","Public Information"
"F00162","Import and Export Operations","Crude Deal","Rosneft Crude Supply Agreement","What crude supply deal did IndianOil sign with Rosneft?","In February 2020, IndianOil signed a deal with Russian oil company Rosneft to purchase 140,000 barrels per day of crude oil for the year 2020.","Rosneft, crude supply deal, 140000 barrels per day, 2020","Public Information"
"F00163","Supply Chain","Overview","Integrated Supply Chain","How does IndianOil manage its supply chain?","IndianOil manages an integrated supply chain spanning crude oil procurement, refining, cross-country pipeline transport, terminal and depot storage, and last-mile delivery to retail and institutional customers.","supply chain, integrated logistics, crude to customer, IndianOil","Website"
"F00164","Logistics","Transport Modes","Multi-Modal Logistics","What transport modes does IndianOil use for product distribution?","IndianOil uses a mix of pipelines, railway tank wagons, road tankers, and coastal/inland shipping to distribute petroleum products from refineries and terminals to retail outlets and bulk customers.","multi-modal logistics, pipelines, railway, road tankers, shipping","Website"
"F00165","Storage Facilities","Crude Tank Farms","Vadinar Crude Oil Tank Farm","What crude oil storage facility does IndianOil operate at Vadinar?","IndianOil operates a crude oil tank farm at Vadinar, Gujarat, with 18 tanks and a total storage capacity of about 1.5 million metric tonnes, supporting the Salaya-Mathura-Panipat crude pipeline system.","Vadinar tank farm, crude oil storage, Gujarat, pipeline support","Website"
"F00166","Storage Facilities","Crude Tank Farms","Paradip Crude Oil Tank Farm","What crude oil storage facility does IndianOil operate at Paradip?","IndianOil Pipelines operates a crude oil tank farm at Paradip with 20 tanks and a total capacity of about 1.1 million metric tonnes, supporting the Paradip-Haldia-Barauni crude pipeline system.","Paradip tank farm, crude oil storage, Odisha, pipeline support","Website"
"F00167","Terminals","Product Terminals","Petroleum Product Terminals","What role do petroleum product terminals play in IndianOil's network?","IndianOil's petroleum product terminals receive fuel via pipeline, rail, or ship, and act as regional hubs for onward distribution to depots and retail outlets across surrounding districts.","product terminals, regional hubs, distribution network","Website"
"F00168","Depots","Function","Petroleum Depots","What is the function of an IndianOil petroleum depot?","IndianOil petroleum depots store refined products closer to demand centres and dispatch them via road tankers to nearby retail outlets and bulk consumers, supplementing the larger terminal network.","petroleum depots, road tankers, retail outlet supply","Website"
"F00169","LPG Bottling Plants","Function","LPG Bottling Plant Operations","What happens at an IndianOil LPG bottling plant?","At LPG bottling plants, bulk LPG received from refineries or import terminals is filled into cylinders for distribution to Indane distributors and ultimately to domestic and commercial customers.","LPG bottling plant, Indane, cylinder filling, distribution","Website"
"F00170","Fuel Stations","Network Scale","Retail Outlet Network Size","How large is IndianOil's retail fuel station network?","IndianOil's retail fuel station network includes more than 37,500 outlets across India, serving an estimated 30 million customers daily.","fuel stations, retail network, daily customers, scale","Website"
"F00171","Fuel Stations","Dealership","Dealer-Operated Outlets","How are most IndianOil fuel stations operated?","Most IndianOil fuel stations are run by independent dealers under dealership agreements with the company, rather than being directly company-operated.","dealer-operated, dealership agreements, fuel station model","Public Information"
"F00172","Customer Services","LPG Services","LPG Cylinder Booking","How can Indane LPG customers book a cylinder refill?","Indane LPG customers can book cylinder refills through the IndianOil/Indane mobile app, the Indane website, SMS, or by contacting their local distributor.","LPG booking, Indane app, cylinder refill, customer service","Website"
"F00173","Customer Services","Grievance Redressal","Customer Grievance Mechanism","Does IndianOil have a customer grievance redressal mechanism?","Yes, IndianOil maintains grievance redressal channels, including a designated Grievance Officer for data-privacy related concerns and customer care contacts for product and service complaints.","grievance redressal, customer complaints, Grievance Officer","Website"
"F00174","Mobile Applications","LPG App","Indane LPG Mobile App","What does the Indane mobile app allow customers to do?","The Indane mobile app allows LPG customers to book cylinder refills, track delivery status, make digital payments, and access subsidy-related information.","Indane app, mobile application, LPG booking, digital payments","Website"
"F00175","Mobile Applications","Fuel Locator","Fuel Station Locator App","Does IndianOil offer an app to locate nearby fuel stations?","IndianOil offers digital tools and apps that allow customers to locate nearby fuel stations, check fuel prices, and find available services such as EV charging.","fuel station locator, mobile app, fuel prices, EV charging finder","Website"
"F00176","Loyalty Programs","Retail Loyalty","XTRAREWARDS Loyalty Program","What is IndianOil's fuel station loyalty program called?","IndianOil operates a customer loyalty program (marketed under names such as XTRAREWARDS) that lets retail fuel customers earn and redeem points on fuel and related purchases at IndianOil outlets.","loyalty program, XTRAREWARDS, fuel rewards, retail customers","Website"
"F00177","Frequently Asked Questions","General FAQ","Quick Fact","What does IOCL stand for?","IOCL stands for Indian Oil Corporation Limited.","FAQ, IndianOil, quick fact","Website"
"F00178","Frequently Asked Questions","General FAQ","Quick Fact","Is IndianOil a private or government company?","IndianOil is a government-owned public sector undertaking, majority-owned by the Government of India.","FAQ, IndianOil, quick fact","Website"
"F00179","Frequently Asked Questions","General FAQ","Quick Fact","What is IndianOil's LPG brand called?","IndianOil's LPG brand is called Indane.","FAQ, IndianOil, quick fact","Website"
"F00180","Frequently Asked Questions","General FAQ","Quick Fact","What is IndianOil's lubricant brand called?","IndianOil's lubricant brand is called SERVO.","FAQ, IndianOil, quick fact","Website"
"F00181","Frequently Asked Questions","General FAQ","Quick Fact","Where is IndianOil headquartered?","IndianOil's corporate headquarters are in New Delhi, while its registered office is in Mumbai.","FAQ, IndianOil, quick fact","Website"
"F00182","Frequently Asked Questions","General FAQ","Quick Fact","Who is the current Chairman of IndianOil?","Arvinder Singh Sahney (A. S. Sahney) is the current Chairman of Indian Oil Corporation Limited.","FAQ, IndianOil, quick fact","Website"
"F00183","Frequently Asked Questions","General FAQ","Quick Fact","How many refineries does IndianOil operate?","IndianOil operates nine refineries directly, and eleven including subsidiary CPCL's refineries.","FAQ, IndianOil, quick fact","Website"
"F00184","Frequently Asked Questions","General FAQ","Quick Fact","When was IndianOil founded?","IndianOil traces its origins to 1959, with the current corporate entity formed by a 1964 merger.","FAQ, IndianOil, quick fact","Website"
"F00185","Industrial Training Topics","Refinery Orientation","Trainee Refinery Orientation","What topics are typically covered in refinery industrial training for engineering students?","Refinery industrial training for engineering students typically covers crude distillation, secondary processing units (FCC, hydrocracking, coking), utilities, safety systems, instrumentation, and plant layout, alongside hands-on exposure under supervision of refinery engineers.","Trainee Refinery Orientation, Industrial Training Topics, refinery engineering","Industry Publication"
"F00186","Engineering Operations","Plant Operations","Continuous Process Operation","Why do oil refineries operate as continuous processes?","Oil refineries operate as continuous processes because crude distillation and most downstream units run most efficiently and safely with steady feed and product flows, minimizing start-up/shutdown losses and thermal stress on equipment.","Continuous Process Operation, Engineering Operations, refinery engineering","Industry Publication"
"F00187","Mechanical Engineering Knowledge","Rotating Equipment","Role of Mechanical Engineers in Refineries","What role do mechanical engineers play in refinery operations?","Mechanical engineers in refineries are responsible for the design, maintenance, and reliability of rotating and static equipment such as pumps, compressors, turbines, heat exchangers, and pressure vessels.","Role of Mechanical Engineers in Refineries, Mechanical Engineering Knowledge, refinery engineering","Industry Publication"
"F00188","Chemical Engineering Knowledge","Process Fundamentals","Distillation in Refining","What is the role of distillation in petroleum refining?","Distillation is the primary separation process in petroleum refining, using differences in boiling points to separate crude oil into fractions such as LPG, naphtha, kerosene, diesel, and heavier residues in an Atmospheric Distillation Unit, often followed by a Vacuum Distillation Unit.","Distillation in Refining, Chemical Engineering Knowledge, refinery engineering","Industry Publication"
"F00189","Electrical Engineering Knowledge","Power Systems","Refinery Electrical Distribution","How is electrical power typically distributed within a refinery?","Refineries typically receive incoming high-voltage power which is stepped down through substations and distributed to process units, utilities, and lighting circuits, often backed by captive power generation and emergency diesel generators for critical loads.","Refinery Electrical Distribution, Electrical Engineering Knowledge, refinery engineering","Industry Publication"
"F00190","Instrumentation Systems","Field Instruments","Common Refinery Field Instruments","What field instruments are commonly used in refinery process units?","Common refinery field instruments include pressure transmitters, temperature sensors (thermocouples/RTDs), flow meters (orifice, vortex, Coriolis), level transmitters, and control valves, all feeding data to the plant's control system.","Common Refinery Field Instruments, Instrumentation Systems, refinery engineering","Industry Publication"
"F00191","Process Engineering","Heat Integration","Heat Integration in Refineries","Why is heat integration important in refinery process design?","Heat integration reduces fuel consumption and operating costs by recovering heat from hot process streams to preheat cooler streams, commonly implemented through networks of heat exchangers designed using pinch analysis principles.","Heat Integration in Refineries, Process Engineering, refinery engineering","Industry Publication"
"F00192","Refinery Operations","Unit Operations","Fluid Catalytic Cracking Overview","What does a Fluid Catalytic Cracking Unit do?","A Fluid Catalytic Cracking Unit (FCCU) converts heavy gas oil fractions into lighter, more valuable products such as gasoline and LPG by breaking large hydrocarbon molecules over a fluidized catalyst at high temperature.","Fluid Catalytic Cracking Overview, Refinery Operations, refinery engineering","Industry Publication"
"F00193","Process Safety Management","Risk Tools","Hazard and Operability Study (HAZOP)","What is a HAZOP study used for in refinery process safety?","A Hazard and Operability (HAZOP) study is a structured, systematic technique used to identify potential hazards and operability problems in a process design or operating procedure, often required before commissioning new refinery units.","Hazard and Operability Study (HAZOP), Process Safety Management, refinery engineering","Industry Publication"
"F00194","Standard Operating Procedures","Documentation","Purpose of SOPs","Why are Standard Operating Procedures important in refinery operations?","Standard Operating Procedures (SOPs) provide step-by-step instructions for routine and non-routine refinery tasks, ensuring consistency, safety, and regulatory compliance across shifts and personnel.","Purpose of SOPs, Standard Operating Procedures, refinery engineering","Industry Publication"
"F00195","Maintenance Practices","Strategy","Preventive vs Predictive Maintenance","What is the difference between preventive and predictive maintenance in refineries?","Preventive maintenance follows a fixed time- or usage-based schedule regardless of equipment condition, while predictive maintenance uses condition-monitoring data such as vibration, temperature, and oil analysis to schedule maintenance only when needed.","Preventive vs Predictive Maintenance, Maintenance Practices, refinery engineering","Industry Publication"
"F00196","Equipment Used","Pumps","Centrifugal Pumps in Refineries","What type of pumps are most commonly used in oil refineries?","Centrifugal pumps are the most common type used in refineries for transferring liquids such as crude oil, intermediate streams, and finished products, owing to their reliability, continuous flow capability, and relatively low maintenance compared to positive displacement types.","Centrifugal Pumps in Refineries, Equipment Used, refinery engineering","Industry Publication"
"F00197","Compressors","Types","Reciprocating vs Centrifugal Compressors","What types of compressors are used in refinery gas services?","Refineries use reciprocating compressors for high-pressure, lower-flow applications such as hydrogen recycle, and centrifugal compressors for high-flow, continuous services such as fuel gas and process air compression.","Reciprocating vs Centrifugal Compressors, Compressors, refinery engineering","Industry Publication"
"F00198","Heat Exchangers","Types","Shell-and-Tube Heat Exchangers","What is a shell-and-tube heat exchanger and where is it used in refineries?","A shell-and-tube heat exchanger transfers heat between two fluids flowing through a bundle of tubes inside an outer shell, and is the most widely used heat exchanger type in refineries for crude preheat trains and product cooling.","Shell-and-Tube Heat Exchangers, Heat Exchangers, refinery engineering","Industry Publication"
"F00199","Boilers","Function","Refinery Steam Boilers","What is the role of boilers in refinery utilities?","Boilers in refinery utility areas generate steam at various pressure levels used for process heating, driving steam turbines, and supplying utility steam to multiple process units throughout the plant.","Refinery Steam Boilers, Boilers, refinery engineering","Industry Publication"
"F00200","Turbines","Types","Steam Turbines in Refineries","How are steam turbines used in refineries?","Steam turbines in refineries are used to drive large rotating equipment such as compressors and pumps, and in some cases to generate electricity through turbo-generators, often as a more energy-efficient alternative to electric motor drives.","Steam Turbines in Refineries, Turbines, refinery engineering","Industry Publication"
"F00201","Storage Tanks","Types","Fixed Roof vs Floating Roof Tanks","What is the difference between fixed-roof and floating-roof storage tanks?","Fixed-roof tanks have a stationary top and are typically used for less volatile products, while floating-roof tanks have a roof that rises and falls with liquid level, reducing vapor space and evaporation losses for volatile products like crude oil and gasoline.","Fixed Roof vs Floating Roof Tanks, Storage Tanks, refinery engineering","Industry Publication"
"F00202","Valves","Types","Common Refinery Valve Types","What types of valves are commonly used in refinery piping systems?","Common refinery valve types include gate valves for on/off isolation, globe valves for throttling, ball valves for quick shutoff, and control valves with actuators for automated flow regulation.","Common Refinery Valve Types, Valves, refinery engineering","Industry Publication"
"F00203","Utilities","Overview","Refinery Utility Systems","What utility systems support refinery process operations?","Refinery utility systems typically include steam generation, compressed air, cooling water, nitrogen supply, fuel gas systems, and electrical power distribution, all supporting the core process units.","Refinery Utility Systems, Utilities, refinery engineering","Industry Publication"
"F00204","Water Treatment","Purpose","Refinery Water Treatment Plant","Why do refineries need water treatment plants?","Refineries need water treatment plants to produce demineralized water for boiler feed, cooling water for heat rejection, and to ensure water quality meets process and environmental requirements.","Refinery Water Treatment Plant, Water Treatment, refinery engineering","Industry Publication"
"F00205","Wastewater Treatment","Process","Effluent Treatment Plant","What is the role of an Effluent Treatment Plant (ETP) in a refinery?","An Effluent Treatment Plant (ETP) treats wastewater generated from refinery operations to remove oil, suspended solids, and contaminants before discharge or reuse, helping refineries meet environmental discharge norms.","Effluent Treatment Plant, Wastewater Treatment, refinery engineering","Industry Publication"
"F00206","Energy Management","Practices","Energy Efficiency in Refineries","How do refineries manage energy efficiency?","Refineries manage energy efficiency through heat integration, waste heat recovery, energy audits, process optimization, and adoption of energy management systems aligned with standards such as ISO 50001.","Energy Efficiency in Refineries, Energy Management, refinery engineering","Industry Publication"
"F00207","Quality Control","Function","Refinery Quality Control Laboratory","What is the function of a refinery quality control laboratory?","A refinery quality control laboratory tests crude oil, intermediate streams, and finished products against specification parameters such as density, sulphur content, octane/cetane number, and flash point to ensure product quality before dispatch.","Refinery Quality Control Laboratory, Quality Control, refinery engineering","Industry Publication"
"F00208","Laboratory Operations","Testing","Common Petroleum Product Tests","What are some common laboratory tests performed on petroleum products?","Common petroleum product tests include distillation range, flash point, sulphur content, density/API gravity, viscosity, octane/cetane number, and water content, conducted to verify products meet regulatory and commercial specifications.","Common Petroleum Product Tests, Laboratory Operations, refinery engineering","Industry Publication"
"F00209","Industrial Automation","Control Systems","Refinery Process Automation","How are refinery process units automated?","Refinery process units are automated using Distributed Control Systems (DCS) that continuously monitor and control process variables such as temperature, pressure, and flow, supplemented by Programmable Logic Controllers (PLCs) for specific equipment control.","Refinery Process Automation, Industrial Automation, refinery engineering","Industry Publication"
"F00210","DCS Systems","Function","Distributed Control System Role","What is the role of a Distributed Control System (DCS) in a refinery?","A Distributed Control System (DCS) integrates control of multiple refinery process units from centralized control rooms, allowing operators to monitor real-time data, adjust setpoints, and respond to alarms across the plant.","Distributed Control System Role, DCS Systems, refinery engineering","Industry Publication"
"F00211","SCADA Systems","Application","SCADA in Pipeline Operations","How is SCADA used in pipeline operations?","SCADA (Supervisory Control and Data Acquisition) systems are used in pipeline operations to remotely monitor flow rates, pressures, and valve status along pipeline routes, and to detect leaks or operational anomalies in real time.","SCADA in Pipeline Operations, SCADA Systems, refinery engineering","Industry Publication"
"F00212","Reliability Engineering","Metrics","Equipment Reliability Metrics","What metrics are used to measure refinery equipment reliability?","Common reliability metrics in refineries include Mean Time Between Failures (MTBF), Mean Time To Repair (MTTR), and overall equipment availability, used to benchmark and improve maintenance program effectiveness.","Equipment Reliability Metrics, Reliability Engineering, refinery engineering","Industry Publication"
"F00213","Turnaround Maintenance","Definition","Refinery Turnaround","What is a refinery turnaround?","A refinery turnaround is a planned, periodic shutdown of a unit or the entire refinery for inspection, maintenance, equipment replacement, and catalyst changeout, typically scheduled every few years to maintain safe and efficient operation.","Refinery Turnaround, Turnaround Maintenance, refinery engineering","Industry Publication"
"F00214","Inspection Systems","Techniques","Non-Destructive Testing in Refineries","What non-destructive testing techniques are used to inspect refinery equipment?","Refineries use non-destructive testing techniques such as ultrasonic testing, radiography, magnetic particle inspection, and dye penetrant testing to detect corrosion, cracks, and material defects in pressure vessels, piping, and storage tanks.","Non-Destructive Testing in Refineries, Inspection Systems, refinery engineering","Industry Publication"
"F00215","Asset Management","Practices","Refinery Asset Integrity Management","What is asset integrity management in a refinery context?","Asset integrity management in refineries involves systematic inspection, monitoring, and maintenance planning to ensure equipment such as pressure vessels and piping remain fit for service throughout their operating life, reducing the risk of failures.","Refinery Asset Integrity Management, Asset Management, refinery engineering","Industry Publication"
"F00216","Production Planning","Function","Refinery Production Planning","What does refinery production planning involve?","Refinery production planning involves optimizing crude selection, unit throughput, and product yields to meet demand, quality specifications, and profitability targets, often using linear programming-based planning models.","Refinery Production Planning, Production Planning, refinery engineering","Industry Publication"
"F00217","Procurement","Function","Refinery Crude and Spares Procurement","What does procurement involve in a refinery setting?","Refinery procurement involves sourcing crude oil, catalysts, chemicals, and spare parts from approved vendors while managing cost, quality, and supply reliability requirements.","Refinery Crude and Spares Procurement, Procurement, refinery engineering","Industry Publication"
"F00218","Vendor Management","Practices","Approved Vendor List","Why do refineries maintain an approved vendor list?","Refineries maintain an approved vendor list to ensure that suppliers of critical equipment, chemicals, and services meet quality, safety, and reliability standards required for safe plant operation.","Approved Vendor List, Vendor Management, refinery engineering","Industry Publication"
"F00219","Risk Management","Framework","Enterprise Risk Management in Oil Companies","How do large oil companies typically structure risk management?","Large oil companies typically implement enterprise risk management frameworks covering operational, financial, market, and regulatory risks, often overseen by a dedicated risk management committee reporting to the board.","Enterprise Risk Management in Oil Companies, Risk Management, refinery engineering","Industry Publication"
"F00220","Emergency Management","Planning","Refinery Emergency Response Plan","What does a refinery emergency response plan cover?","A refinery emergency response plan covers procedures for fire, gas leaks, spills, and other incidents, including evacuation routes, emergency contacts, mutual aid arrangements, and roles for on-site emergency response teams.","Refinery Emergency Response Plan, Emergency Management, refinery engineering","Industry Publication"
"F00221","Fire Safety","Systems","Refinery Fire Protection Systems","What fire protection systems are typically installed in refineries?","Refinery fire protection systems typically include fire water networks, foam systems for hydrocarbon fires, fixed and portable fire extinguishers, fire detection sensors, and dedicated fire stations with trained response teams.","Refinery Fire Protection Systems, Fire Safety, refinery engineering","Industry Publication"
"F00222","Environmental Compliance","Monitoring","Continuous Emissions Monitoring","How do refineries monitor air emissions for environmental compliance?","Refineries use Continuous Emissions Monitoring Systems (CEMS) at stacks and process units to track pollutants such as SOx, NOx, and particulate matter, helping ensure compliance with environmental regulatory limits.","Continuous Emissions Monitoring, Environmental Compliance, refinery engineering","Industry Publication"
"F00223","Regulatory Compliance","Bodies","Key Indian Regulatory Bodies for Oil Companies","Which regulatory bodies oversee Indian oil and gas companies like IndianOil?","Indian oil and gas companies such as IndianOil are regulated by bodies including the Ministry of Petroleum & Natural Gas, the Petroleum and Natural Gas Regulatory Board (PNGRB), Oil Industry Safety Directorate (OISD), and state/central pollution control boards.","Key Indian Regulatory Bodies for Oil Companies, Regulatory Compliance, refinery engineering","Industry Publication"
